arm,p,k_rate,n,n_valid,invalid_rate,ci_lo,ci_hi
scaffolded,0.5,0.5,2,2,0.0,0.09452865480086614,0.9054713451991339
scaffolded,0.8,0.5,2,2,0.0,0.09452865480086614,0.9054713451991339
scaffolded,0.99,0.5,2,2,0.0,0.09452865480086614,0.9054713451991339
