arm,p,k_rate,n,n_valid,invalid_rate,ci_lo,ci_hi
no_cot,0.5,0.5,2,2,0.0,0.09452865480086614,0.9054713451991339
no_cot,0.8,0.0,2,2,0.0,0.0,0.6576280471103807
no_cot,0.99,1.0,2,2,0.0,0.34237195288961925,1.0
free_cot,0.5,1.0,2,1,0.5,0.20654329147389294,1.0
free_cot,0.8,,2,0,1.0,,
free_cot,0.99,0.0,2,2,0.0,0.0,0.6576280471103807
scaffolded,0.5,,2,0,1.0,,
scaffolded,0.8,,2,0,1.0,,
scaffolded,0.99,,2,0,1.0,,
