{
  "tag": "qwen25-3b-instruct",
  "mode": "attitudes",
  "n_trials": 60,
  "n_valid": 49,
  "invalid_rate": 0.18333333333333332,
  "truncation_rate": 0.0,
  "n_items": 20,
  "edt_rate": 0.5510204081632653,
  "cdt_rate": 0.4489795918367347,
  "both_rate": 0.08163265306122448,
  "neither_rate": 0.08163265306122448
}