p,k_rate,n,n_valid,invalid_rate,ci_lo,ci_hi,p_star,is_holdout
0.5,0.0,20,20,0.0,0.0,0.1611301254949332,0.8,False
0.6,0.0,20,20,0.0,0.0,0.1611301254949332,0.8,False
0.7,0.0,20,20,0.0,0.0,0.1611301254949332,0.8,False
0.75,0.0,20,20,0.0,0.0,0.1611301254949332,0.8,True
0.8,0.0,20,20,0.0,0.0,0.1611301254949332,0.8,False
0.85,0.0,20,20,0.0,0.0,0.1611301254949332,0.8,True
0.9,0.0,20,20,0.0,0.0,0.1611301254949332,0.8,False
0.99,0.0,20,20,0.0,0.0,0.1611301254949332,0.8,False
