tag,params_b,n_variants,repr_slope_outcome,repr_slope_prediction,repr_slope_direct,repr_slope,action_slope,divergence,agreement_outcome_prediction,agreement_token_direct,monotonicity,resolvability
base3b,3.09,3,-0.0039220699003477575,-0.05461331467499222,0.9570579151252879,0.9570579151252879,-1.312499932421452,2.2695578475467397,0.10863821539713976,-0.1514076443311405,0.7142857142857143,1.0
base7b,7.62,3,0.004872254135982341,-0.006000091913552242,0.9412752146297201,0.9412752146297201,3.3874999165344892,-2.446224701904769,-0.038163734528408384,0.03553678693283502,0.6666666666666666,1.0
base14b,14.77,3,0.03538812986851371,0.09250152443301807,0.21042786347455858,0.21042786347455858,0.44999995874451626,-0.23957209526995768,0.6751140748295108,0.1030341392593925,0.7619047619047619,1.0
