p,p_pred_soft,onebox,invalid,closed,gen_len,n
0.5,0.41070786253224395,0.5,0.0,0.5,3233.0,6
0.6,0.6258164023730804,0.6666666666666666,0.0,0.6666666666666666,2726.0,6
0.7,0.16775487608271078,0.16666666666666666,0.0,0.6666666666666666,3392.0,6
0.75,0.4791141317296024,0.5,0.0,0.3333333333333333,3377.3333333333335,6
0.8,0.5038274748195969,0.5,0.0,0.5,3196.0,6
0.85,0.9999687870343527,1.0,0.0,0.5,2528.0,6
0.9,0.9148163199424744,0.8333333333333334,0.0,0.6666666666666666,2636.6666666666665,6
0.99,0.9114550749460856,1.0,0.16666666666666666,0.8333333333333334,2643.0,6
