p,p_pred_soft,onebox,invalid,closed,gen_len,n
0.5,0.3532052225409264,0.3333333333333333,0.0,0.6666666666666666,2345.1666666666665,6
0.6,0.6577542265035845,0.6666666666666666,0.0,0.6666666666666666,2410.0,6
0.7,0.666665189198587,0.6666666666666666,0.0,0.8333333333333334,2378.5,6
0.75,0.666631111175017,0.6666666666666666,0.0,0.8333333333333334,1738.6666666666667,6
0.8,0.3412455758755944,0.3333333333333333,0.0,0.6666666666666666,3163.6666666666665,6
0.85,0.9984438618024191,1.0,0.0,0.5,2984.6666666666665,6
0.9,0.9989352524280548,1.0,0.0,0.8333333333333334,2580.0,6
0.99,0.8600641215840975,0.8333333333333334,0.0,0.6666666666666666,2337.6666666666665,6
