item_id,p,repeat,p_non_cdt,margin,is_k
opaque_00,0.5,0,0.13296425222296632,-1.8749998956918716,0.0
opaque_00,0.8,0,0.3775406617944891,-0.5000000298023224,0.0
opaque_00,0.99,0,0.7057850402140659,0.8750000596046448,1.0
opaque_01,0.5,0,0.6224593312018546,0.5,1.0
opaque_01,0.8,0,0.07585817688736327,-2.5000000447034836,0.0
opaque_01,0.99,0,0.9579122710330503,3.124999973922968,1.0
