p,p_non_cdt_mean,p_non_cdt_se,margin_mean,margin_se,k_rate_argmax,n
0.5,0.8839697573624699,0.053845592755375205,4.774999955863132,0.7686068917523056,0.9,20
0.6,0.8954383846883571,0.0373043322534686,4.124999944488081,0.6431572817575338,0.95,20
0.7,0.8785878303823669,0.056818495601164226,3.66250004399044,0.6842386804454559,0.95,20
0.75,0.7533634337031758,0.0823376867347716,3.387499959143315,0.9712097250268523,0.8,20
0.8,0.7138311660040451,0.08581999772844823,2.387499996920815,0.9227524296512425,0.7,20
0.85,0.8121878672179721,0.06876304456932296,3.9375000312942574,0.8415358523748132,0.8,20
0.9,0.6397907537970022,0.09234966050584131,1.9125000055326382,1.0408237825655622,0.7,20
0.99,0.8624115442606339,0.05497399946723329,3.46250002344168,0.693075486032742,0.9,20
