p,p_non_cdt_mean,p_non_cdt_se,margin_mean,margin_se,k_rate_argmax,n
0.5,0.9999999995435171,1.7761869231201038e-10,24.8,0.8504255900491978,1.0,20
0.6,0.9999999999240587,4.052494685134634e-11,26.75625,0.7228345041534312,1.0,20
0.7,0.9999999999182304,2.8128463018297492e-11,25.40625,0.61797865265038,1.0,20
0.75,0.9999999996886546,1.6739659366730785e-10,25.11875,0.7984089338540086,1.0,20
0.8,0.9999999999028868,5.525446193798077e-11,25.70625,0.6720620149760618,1.0,20
0.85,0.9999999997020842,1.7714096706991348e-10,25.4875,0.7849792571848803,1.0,20
0.9,0.9999999999202579,5.560423673907772e-11,25.775,0.4951740789066534,1.0,20
0.99,0.9999999998898312,4.6594822831746096e-11,25.10625,0.6369434490100687,1.0,20
