p,p_non_cdt_mean,p_non_cdt_se,margin_mean,margin_se,k_rate_argmax,n
0.5,0.4465469282641007,0.04929539470914779,-0.34453117847442627,0.3101604713105822,0.425,40
0.6,0.4543987372762122,0.048663996860337184,-0.3257813215255737,0.279232627090975,0.425,40
0.7,0.4992989971003041,0.04763629811360277,0.04453125,0.2837206421430144,0.475,40
0.75,0.5727171815415609,0.04755592329390013,0.3796875238418579,0.27830218588574523,0.625,40
0.8,0.5044268221327796,0.05254367010562029,0.10624992847442627,0.30878155880360425,0.525,40
0.85,0.5238940417154054,0.0510626722654112,0.11015622615814209,0.29299074171455425,0.525,40
0.9,0.5253814471482393,0.045566577637161015,0.06875002384185791,0.2481229495159913,0.55,40
0.99,0.564233789155085,0.05232378243288655,0.38671867847442626,0.32972874395172436,0.6,40
