p,p_non_cdt_mean,p_non_cdt_se,margin_mean,margin_se,k_rate_argmax,n
0.5,0.3777117917124104,0.2447475394894441,-0.6874999478459358,1.1874999478459356,0.5,2
0.8,0.2266994193409262,0.1508412424535629,-1.500000037252903,1.0000000074505804,0.0,2
0.99,0.831848655623558,0.12606361540949224,2.0000000167638063,1.1249999571591613,1.0,2
