p,p_non_cdt_mean,p_non_cdt_se,margin_mean,margin_se,k_rate_argmax,n
0.5,8.362639595157276e-08,2.615079962509404e-08,-18.562499910593043,0.6901265832965657,0.0,20
0.6,9.309409706931966e-08,7.71944483986356e-08,-19.887500005960526,0.7089593413220799,0.0,20
0.7,1.272544945753885e-07,6.428768924827425e-08,-18.531249922514007,0.6602478703449731,0.0,20
0.75,4.814187348953982e-08,2.6474492484969234e-08,-19.43124995231629,0.6075508465710797,0.0,20
0.8,1.7484549861614265e-07,1.0226048905673197e-07,-18.068749976158255,0.619613304560336,0.0,20
0.85,9.210304145929983e-08,3.833076499601787e-08,-19.21874996423723,0.7861818113641621,0.0,20
0.9,2.656362897367409e-07,2.3811684634999376e-07,-19.412499970198247,0.7101878533874648,0.0,20
0.99,4.8373222612831895e-08,1.8532827267274347e-08,-19.137499946355824,0.6781905738915257,0.0,20
