p,p_non_cdt_mean,p_non_cdt_se,margin_mean,margin_se,k_rate_argmax,n
0.5,0.44117090766084627,0.09879100870357742,-1.0874999639834642,1.3178025656881724,0.45,20
0.6,0.5129522150047595,0.105539007531447,-0.07499999002466211,1.3351399359014375,0.5,20
0.7,0.4889919343518837,0.10495137238477129,0.9374999873381057,1.2403409679668493,0.45,20
0.75,0.5889987169089557,0.10302794446502163,1.6875000059304512,1.3093634304909878,0.6,20
0.8,0.6262831953011336,0.09182214701624952,1.2249999653959094,0.9890685236152333,0.65,20
0.85,0.5264551586272856,0.10452381253832323,0.9124999917210459,1.4405174325904317,0.5,20
0.9,0.6028011131920129,0.10253667944418157,1.3499999624605152,1.2454390244287625,0.6,20
0.99,0.6800384073404565,0.0960121402688079,2.299999952551025,1.2956912312811022,0.7,20
