p,p_non_cdt_mean,p_non_cdt_se,margin_mean,margin_se,k_rate_argmax,n
0.5,0.5019226372644201,0.1135019269539028,0.2687500358194114,2.2122987852198435,0.5,20
0.6,0.46117617023152857,0.11201946173889257,1.5312499890065798,2.2230452985840268,0.45,20
0.7,0.49836128977894567,0.11405355201753717,-1.4562500218360246,2.2104021823482993,0.5,20
0.75,0.4000509619652369,0.11111940944001521,-2.7125000395960965,1.944482329672723,0.4,20
0.8,0.48692063926850404,0.10986809494476148,1.4624999730610981,2.2651191473539067,0.5,20
0.85,0.501725882036916,0.1141478743000044,0.16874994651734312,2.4668238450203535,0.5,20
0.9,0.4506128326596614,0.11395967683280107,-0.9562500335239374,2.630684226143299,0.45,20
0.99,0.35303649386002134,0.10851184857221491,-2.4062500848382,2.0214083476866156,0.35,20
