p,p_non_cdt_mean,p_non_cdt_se,margin_mean,margin_se,k_rate_argmax,n
0.5,6.200630165075799e-07,3.0690041883236404e-07,-17.393749892712883,0.7497957604084331,0.0,20
0.6,4.3224838439455145e-08,2.349096660847575e-08,-18.78749988079129,0.42613048474855536,0.0,20
0.7,2.50943726801731e-07,1.3320399870977094e-07,-18.543749916553725,0.7575972140684955,0.0,20
0.75,1.4956970153473416e-07,1.2722840400440753e-07,-18.812499940399174,0.5197972246701408,0.0,20
0.8,8.063924101854005e-08,3.552907299647539e-08,-18.062499868874227,0.5423283835394623,0.0,20
0.85,2.3008308979003227e-08,8.135351831277965e-09,-19.212499856949087,0.516432300696878,0.0,20
0.9,2.1986716486668777e-07,8.847603300244502e-08,-18.212499821186192,0.738012785746565,0.0,20
0.99,1.331402838102223e-07,9.307515797062517e-08,-19.78749995827685,0.6670153933839286,0.0,20
