condition,p,p_non_cdt_mean,p_optimal_mean,margin_mean,k_rate_argmax,optimal_rate_argmax,n
none,0.5,0.4982268548943395,0.5017731451056605,-3.228515625,0.5,0.5,2
none,0.8,0.9995715930542264,,10.484375,1.0,,2
none,0.99,0.958725921342173,0.958725921342173,3.68212890625,1.0,1.0,2
full,0.5,2.4684981915694273e-06,0.9999975315018084,-18.921875,0.0,1.0,2
full,0.8,0.5375270470428072,,2.3125,0.5,,2
full,0.99,0.9851211429045743,0.9851211429045743,5.0078125,1.0,1.0,2
